id,title,genre,genre_imslp,date,key,title_imslp,source,notes,
1,Missa in honorem Sanctissimae Trinitatis,mass,masses,1754,D major,"Missa in honorem Sanctissimae Trinitatis, MH 1",,,
2,Missa,mass,masses,c. 1754–1757,D minor,"Missa in D minor, MH 2/3",,fragment, likely part of a single mass with MH 3
3,Missa,mass,masses,c. 1754–1757,D minor,"Missa in D minor, MH 2/3",,fragment, likely part of a single mass with MH 2
4,Alleluia lauda Jerusalem,motet,motets,c. 1754–1757,C major,,,fragment,
5,Divertimento,instrumental,divertimentos,c. 1754–1757,D major,,,,
6,Divertimento,instrumental,divertimentos,c. 1754–1757,G major,,,,
7,Divertimento,instrumental,divertimentos,c. 1754–1757,E major,,,,
8,Divertimento,instrumental,divertimentos,c. 1754–1757,A major,,,,
9,Divertimento,instrumental,divertimentos,c. 1754–1757,E-flat major,"Divertimento in E-flat major, MH 9",,,
10,Divertimento,instrumental,divertimentos,c. 1754–1757,B-flat major,,,,
11,Attale et Erimene,cantata,cantatas,c. 1754–1757,D major,"Attale et Erimene, MH 11",,,
12,Missa sub titulo Sancti Michaelis,mass,masses,c. 1758,C major,,,,
13,Missa Sanctae Cyrilli et Methodii,mass,masses,1758,C major,,,,
14,Ave Regina,antiphon,antiphons,c. 1759,A major,,"A-MZ Ms. 258, A-SL no sig (600192574)",,
15,Missa in honorem Beatissimae Virginis Mariae,mass,masses,c. 1758–1760,C major,"Missa Beatissimae Virginis Mariae, MH 15",,,
16,Missa in honorem Sancti Josephi,mass,masses,c. 1758–1760,C major,,,,
17,Missa in honorem Sancti Gabrielis,mass,masses,c. 1758–1760,C major,"Missa Sancti Gabrielis, MH 17",,Gloria and Credo added in 1768 (MH 112),
18,Missa,mass,masses,c. 1758–1760,C major,,,only parts for soprano concertanto and basso concertanto known,
19,Salve Regina,antiphon,antiphons,c. 1758–1760,C major,,A-SE MS 48,,
20,Salve Regina,antiphon,antiphons,c. 1758–1760,B-flat major,,A-SE MS 49/1,,
21,Salve Regina,antiphon,antiphons,c. 1758–1760,B-flat major,,A-SE MS 49/2,,
22,Regina coeli,antiphon,antiphons,c. 1758–1760,C major,"Regina coeli, MH 22",,,
23,Sinfonia,instrumental,sinfonias,c. 1758–1760,C major,,,,
24,Sinfonia,instrumental,sinfonias,c. 1758–1760,D major,,,,
25,Sinfonia,instrumental,sinfonias,c. 1758–1760,F major,,,,
26,Sinfonia,instrumental,sinfonias,c. 1758–1760,G major,,,,
27,Divertimento,instrumental,divertimentos,c. 1758–1760,C major,"Divertimento in C major, MH 27",,,
28,Te Deum,hymn,te deum,1760-04-01,C major,"Te Deum, MH 28",,,
29,Salve Regina,antiphon,antiphons,1760-08-11,C major,"Salve Regina, MH 29",,,
30,Salve Regina,antiphon,antiphons,1760-08-12,D major,"Salve Regina, MH 30",,,
31,Salve Regina,antiphon,antiphons,1760-08-13,B-flat major,"Salve Regina, MH 31",,,
32,Salve Regina,antiphon,antiphons,1760-08-16,G major,,,,
33,Salve Regina,antiphon,antiphons,1760-09-11,D major,,,,
34,Salve Regina,antiphon,antiphons,1760-09-13,C major,,,,
35,Partita,instrumental,partitas,1760-11-20,E-flat major,,,,
36,Concerto,instrumental,concertos,1760-12-20,B-flat major,,,probably lost,
37,Sinfonia,instrumental,sinfonias,1761-02-16,C major,,,,
38,Christus factus est,gradual,graduals,1761-03-18,C minor,,I-Fc F.P.Ch 330/4,,
39,Veni Sancte Spiritus,sequence,sequences,c. 1761-03-22,C major,,A-MZ MS 289,,
40,Iste confessor,hymn,hymns,1761-06-26,A major,,,,
41,Concerto,instrumental,concertos,1761-12-19,C major,,,,
42,Missa,mass,masses,c. 1760–1762,C major,"Mass in C major, MH 42",,,
43,Missa Sancti Francisci Seraphici,mass,masses,c. 1760–1762,C major,,,,
44,Missa,mass,masses,c. 1760–1762,C major,,,,
45,Spiritus Domini. Veni Creator Spiritus,offertorium,offertories,c. 1760–1762,B-flat major,,D-B Mus. ms. 10231 (452009960),,
46,In omnem terram,offertorium,offertories,c. 1760–1762,B-flat major,,,,
47,Civitatem. Festina lente,motet,motets,c. 1760–1762,G major,,,lost,
48,Vidi civitatem. Coelestis inter caetus,motet,motets,c. 1760–1762,C major,,A-KR D 16/102 (600176354),,
49,Ave maris stella,hymn,hymns,c. 1760–1762,G major,,A-Wn F24.St.Peter.D154,,
50,Sinfonia,instrumental,sinfonias,c. 1760–1762,D major,,,,
51,Sinfonia,instrumental,sinfonias,c. 1760–1762,F major,,,,
52,Concerto,instrumental,concertos,c. 1760–1762,G major,"Violin Concerto in G major, MH 52",,second movement (“Adagio”) also used in MH 60,
53,Concerto,instrumental,concertos,c. 1760–1762,D major,,,,
54,Cassatio,instrumental,cassations,c. 1760–1762,B-flat major,,,,
55,Cassatio,instrumental,cassations,c. 1760–1762,B-flat major,,,,
56,Missa Sanctae Crucis,mass,masses,1762-03-29,A minor,"Missa Sanctae Crucis, MH 56",,,
57,Missa dolorum beatae virginis Mariae,mass,masses,1762-04-03,A minor,,,only revised version known (MH 552),
58,Vesperae de Dominica,vesper,vespers,c. 1762,A major,,"A-KR E 40 II/248 (600176396), D-Mbs Mus.ms. 283-1 (456009340)",reworked into MH 58,
59,Partita,instrumental,partitas,1762-12-22,F major,,,,
60,Concerto,instrumental,concertos,before 1763-12-07,C major,,,first movement (“Adagio”) also used in MH 52,
61,Larghetto,instrumental,larghettos,before 1763-12-07,F major,"Larghetto in F major, MH 61",,,
62,Sinfonia,instrumental,sinfonias,1763-12-07,B-flat major,,,,
63,Sinfonia,instrumental,sinfonias,1763-12-29,A major,,,,
64,Sinfonia,instrumental,sinfonias,1764-01-14,C major,,,,
65,Sinfonia,instrumental,sinfonias,1764-01-25,E major,,,,
66,Litaniae de venerabili sacramento,litany,litanies,1764-04-08,D minor,"Litaniae de Venerabili Sacramento, MH 66",,edited,
67,Marcia,instrumental,marches,1764-07-22,D major,,,,
68,Divertimento,instrumental,divertimentos,1764-08-04,D major,,,"movements 2, 3, 4, and 9 used in MH 69",
69,Sinfonia,instrumental,sinfonias,after 1764-08-04,D major,,,"movements 2, 3, 4, and 9 adopted from MH 68",
70,Ah! ingrato m’inganni,profane song,arias,1764-12-16,B-flat major,,,,
71,Litaniae lauretanae,litany,litanies,c. 1763–1765,C major,"Litaniae Lauretanae, MH 71",,two versions of final movement (“Miserere”),
72,Ave Maria,offertorium,offertories,1765,F major,,A-RB R 183 (600033561),,
73,Ninfe in belli semplicete,cantata,cantatas,1765-01-15,D major,Ninfe in belli semplicete,,,
74,Litaniae lauretanae,litany,litanies,1765-12-06,B-flat major,"Lytaniæ Lauretanæ, MH 74",,revised as MH 88,
75,Urbs Jerusalem,hymn,hymns,1766,G major,,,,
76,Rebekka als Braut,singspiel,singspiele,1766-04-10,G major,,,,
77,Dedit mihi,introitus,introits,c. 1766,B-flat major,,A-Sd A 584 (659000666),,
78,Invictus heros,hymn,hymns,c. 1766,D minor,,A-Sd A 582 (659000664),,
79,Iam faces lictor,hymn,hymns,c. 1766,F major,,A-Sd A 583 (659000665),,
80,Regina coeli,antiphon,antiphons,1766-05-15,C major,,"A-HE, A-Sd, HR-Zha",,
81,Concerto,instrumental,concertos,1766-09-19,D major,,,,
82,Sinfonia,instrumental,sinfonias,1766-09-27,B-flat major,,,final movement under MH 184,
83,Pastorello,instrumental,pastorales,1766-12-23,C major,,,,
84,Der Traum,pantomime,pantomimes,1767-02-07,A major,,,"“O Amaryllis” (act 2, no. 7) reworked as offertorium MH 195",
85,Die Schuldigkeit des ersten und fürnehmsten Gebotes,singspiel,singspiele,before 1767-03-12,unknown,,,only libretto known,
86,Serenata,instrumental,serenatas,1767-08-10,D major,,,,
87,Missa Sancti Raphaelis,mass,masses,c. 1765–1768,C major,,,Gloria and Credo added in 1768 (MH 111),
88,Litaniae lauretanae,litany,litanies,c. 1765–1768,B-flat major,"Litaniae lauretanae, MH 88",,revised version of MH 74,
89,Litaniae lauretanae,litany,litanies,c. 1765–1768,G major,,,,
90,Salve Regina,antiphon,antiphons,c. 1765–1768,B-flat major,,A-GÖ 2302,,
91,Salve Regina,antiphon,antiphons,c. 1765–1768,C major,,"HR-Zha, H-Bn",,
92,Alma redemptoris mater,antiphon,antiphons,c. 1765–1768,D major,,,fragment for soprano and continuo,
93,Regina coeli,antiphon,antiphons,c. 1765–1768,E-flat major,,,,
94,Regina coeli,antiphon,antiphons,c. 1765–1768,E major,,A-Gd Ms. 47,,
95,Eia laeti exsultemus,offertorium,offertories,c. 1765–1768,A major,,HR-Zha LXVI.M (500027077),,
96,Veni Sancte Spiritus,offertorium,offertories,c. 1765–1768,D major,,"A-WIL, A-Ee",,
97,Cantate Domino,sacred song,arias,c. 1765–1768,D major,,,,
98,Asperges me,sacred song,antiphons,c. 1765–1768,F major,,,,
99,Vidi aquam,sacred song,antiphons,c. 1765–1768,C major,,,,
100,Jesu corona Virginum,hymn,hymns,c. 1765–1768,A minor,,A-LA 1398 (603002683),,
101,O salutaris hostia,hymn,hymns,c. 1765–1768,D major,,A-RB R 175 (600033553),,
102,Laudate pueri,psalm,psalms,c. 1765–1768,A minor,,A-Ee,,
103,Alma redemptoris mater,antiphon,antiphons,c. 1765–1768,A major,,CZ-Pnm A-N no sig (601000069),,
104,Concerto,instrumental,concertos,c. 1765–1768,D major,"Trumpet Concerto No.2 in D major, MH 104",,,
105,Concerto,instrumental,concertos,c. 1765–1768,D major,,,,
106,Der Kampf der Buße und Bekehrung,oratorium,sacred oratorios,1768-02-21,E-flat major,,,,
107,Die Hochzeit auf der Alm,operetta,operettas,1768-05-06,G major,"Die Hochzeit der Alm, MH 107",,supplemental music in MH 218,
108,Sinfonia,instrumental,sinfonias,after 1768-05-06,G major,,,uses material from MH 107,
109,Missa Sancti Nicolai Tolentini,mass,masses,1768-09-17,C major,,,,
110,Litaniae de venerabili sacramento,litany,litanies,1768-10-10,B-flat major,"Litaniae de Venerabili Sacramento, MH 110",,,
111,Gloria et Credo ad Missam Sancti Raphaelis,mass,masses,1768-11-07,C major,,,for MH 87,
112,Gloria et Credo ad Missam Sancti Gabrielis,mass,masses,1768-12-01,C major,,,for MH 17,
113,Tenebrae,responsorium,responsories,c. 1769,A-flat major,Tenebrae factae sunt in A-flat major,,,
114,Completorium,completorium,psalms,c. 1769,A major,,F-Pn D-5588 (840016579),reworks material of MH 58, two movements circulated as offertoria MH 115 and 116
115,Inveni David,offertorium,offertories,c. 1769,C major,,A-RB R 201 (600033579),adaptation of a movement in MH 114,
116,Et bracchium meum,offertorium,offertories,c. 1769,A major,,A-RB R 202 (600033580),adaptation of a movement in MH 114,
117,Kaiser Constantin I,oratorium,secular oratorios,1769-02-20,C major,,,,
118,Die Wahrheit der Natur,singspiel,singspiele,1769-07-07,F major,,,,
119,Missa Sancti Francisci Seraphici,mass,masses,c. 1768–1770,C major,"Missa sancti Francisci Seraphici, MH 119",,,
120,Litaniae de Beata Virgine Maria,litany,litanies,c. 1768–1770,C major,"Litaniae Lauretanae, MH 120",,spurious attribution,
121,Ecce Virgo,offertorium,offertories,c. 1768–1770,C major,,,lost,
122,Nos conservat,offertorium,offertories,c. 1768–1770,D major,,"A-Ssp Hay 1530.1, A-LA 1381 (603002662)",,
123,Non me avertet,offertorium,offertories,c. 1768–1770,E-flat major,,,spurious attribution,
124,Tubae resonatae,offertorium,offertories,c. 1768–1770,C major,,"A-Ssp Hay 1550.1, A-KR D 25/350 (600176353)",,
125,Tenebrae,responsorium,responsories,c. 1768–1770,A major,,,,
126,Vexilla Regis,hymn,hymns,c. 1768–1770,G minor,,,,
127,Ave Regina,antiphon,antiphons,c. 1768–1770,E-flat major,,D-WS 334 (450039957),,
128,Regina coeli,antiphon,antiphons,c. 1768–1770,D major,,,spurious attribution,
129,Salve Regina,antiphon,antiphons,c. 1768–1770,G major,,"A-KR F 7/212 (600176178), A-LA 1759 (1001011549)",,
130,Tantum ergo,hymn,hymns,c. 1768–1770,D minor,,A-Ssp Hay 1295.1,,
131,Ihr Himmel thaut herab,sacred song,arias,c. 1768–1770,B-flat major,,,,
132,Sinfonia,instrumental,sinfonias,c. 1768–1770,D major,,,,
133,Sinfonia,instrumental,sinfonias,c. 1768–1770,B-flat major,,,,
134,Concerto,instrumental,concertos,c. 1768–1770,D major,,,,
135,12 Menuetti,instrumental,minuets,c. 1768–1770,C major,,,,
136,12 Menuetti,instrumental,minuets,c. 1768–1770,C major,,,,
137,6 Menuetti,instrumental,minuets,c. 1768–1770,C major,,,,
138,Der reumütige Petrus,oratorium,sacred oratorios,1770-03-11,B-flat major,,,"“Der Gerechte” (part 1, no. 3) reworked as offertorium MH 139",
139,Tota pulchra es,offertorium,offertories,after 1770-03-11,D major,,A-KR D 25/332 (600176365),contrafactum of movement in MH 138,
140,Ave Regina,antiphon,antiphons,1770-03-23,F major,,,,
141,Ballet,ballet,ballets,1770-07-16,A major,,,three movements reused in MH 150,
142,Cantate Domino,offertorium,offertories,c. 1770,E minor,,,adopted from lost school drama “Pietas christiana”,
143,Sicut cervus,offertorium,offertories,c. 1770,F major,,,adopted from lost school drama “Pietas christiana”,
144,Quid video superi?,applausus,sacred cantatas,1770-11-14,G major,"Applausus, MH 144",,sinfonia reused in MH 181,
145,Te Deum,hymn,te deum,1770-12-09,C major,,,,
146,Anima nostra,offertorium,offertories,1771,D major,,A-LA 1537 (1001011113),,
147,Der büßende Sünder,oratorium,sacred oratorios,1771-02-15,D minor,"Der büßende Sünder, MH 147",,,
148,Hermann,ballet,pantomimes,1771-08-01,C major,"Hermann, MH 148",,movements reworked into MH 149–153,
149,O Maria nostra spes,offertorium,offertories,after 1771-08-01,E-flat major,,"D-Mbs Mus.ms. 4133 (455022522), D-Mbs Mus.ms. 4332 (455024087), A-LA 1369 (603002650)",derived from “Chorus Bardorum” in MH 148,
150,Sinfonia,instrumental,sinfonias,after 1771-08-01,D major,,,reuses parts of MH 148,
151,Sinfonia,instrumental,sinfonias,after 1771-08-01,E major,,,reuses parts of MH 148,
152,Sinfonia,instrumental,sinfonias,after 1771-08-01,A major,,,reuses parts of MH 148,
153,Notturno,instrumental,nocturnes,after 1771-08-01,G major,,,reuses parts of MH 148,
154,Missa Sancti Nicolai Tolentini,mass,masses,1771-12-14,C major,,,,
155,Missa pro defuncto Archiepiscopo Sigismundo,requiem,requiems,1771-12-31,C minor,"Requiem in C minor, MH 155",,,
156,Litaniae de Beata Virgine Maria,litany,litanies,c. 1770–1772,C major,,,,
157,Litaniae de Beata Virgine Maria,litany,litanies,c. 1770–1772,C major,,,,
158,Deus tuorum militium,hymn,hymns,c. 1770–1772,C major,,,incomplete,
159,O festiva dies. O virum fortem,motet,motets,c. 1770–1772,C major,,,incomplete,
160,Surrexit Pastor. Plaudes plebs,motet,motets,c. 1770–1772,C major,,A-Ssp Hay 1545.1,,
161,Veni Sancte Spiritus,sequence,sequences,c. 1770–1772,G major,,A-GÖ uncatalogued,,
162,Tenebrae,responsorium,responsories,c. 1770–1772,E-flat major,"Tenebrae factae sunt, MH 162",,reused in MH 628, German version in MH 610
163,Alma redemptoris mater,antiphon,antiphons,c. 1770–1772,F major,,CZ-Pnm XLIX E 298 (550270496),,
164,Alma redemptoris mater,antiphon,antiphons,c. 1770–1772,D major,,"A-SEI F.V.1b, A-MZ",,
165,O Maria Virgo spes,offertorium,offertories,c. 1770–1772,B-flat major,,A-Sd A 571 (659000653),,
166,Steh auf!,offertorium,offertories,c. 1770–1772,G major,,A-Ee,,
167,Erhebet euch ihr Augenlieder,sacred song,arias,c. 1770–1772,D major,,A-Ssp Hay 1640.1,,
168,O glorreiche Himmelssonne,sacred song,arias,c. 1770–1772,C major,,A-Ssp Hay 1660.1,,
169,"Große Frau, wir rufen Dich",offertorium,offertories,c. 1770–1772,A major,,"A-Ssp Hay 1665.1, A-LA 1475 (603002718)",,
170,Sei fröhlich mein Isaak,sacred song,duets,c. 1770–1772,E-flat major,,A-SEI R 425 (600026348),,
171,Cassatio,instrumental,cassations,c. 1770–1772,D major,,,,
172,Divertimento,instrumental,divertimentos,c. 1770–1772,G major,,,,
173,Divertimento,instrumental,divertimentos,c. 1770–1772,D major,"Divertimento in D major, MH 173",,,
173a,Divertimento,instrumental,divertimentos,c. 1770–1772,G major,,,,
174,Quartetto,instrumental,quartets,c. 1770–1772,D major,,,fragment,
175,Quartetto,instrumental,quartets,c. 1770–1772,B-flat major,,,,
176,Cadenze e Versetti,instrumental,cadenzas , versets,c. 1770–1772,"Cadenze e Versetti, MH 176",,,
177,Contrapunctal studies,treatise,methods,c. 1770–1772,-,,,,
178,Dank dem Geber,profane song,songs,c. 1770–1772,C major,,,,
179,Divertimento,instrumental,divertimentos,c. 1770–1772,C major,"Divertimento in C major, MH 179",,,
180,"Kommt her, ihr Menschen",sacred song,arias,1772-01-13,C major,,,,
181,Der gute Hirt,cantata,sacred cantatas,1772-04-04,G major,,,reuses sinfonia of MH 144,
182,Missa Sancti Joannis Nepomuceni,mass,masses,1772-05-21,C major,"Missa Sancti Joannis Nepomuceni, MH 182",,,
183,Tres sunt,offertorium,offertories,1772-06-07,C major,"Tres sunt qui testimonium dant in caelo, MH 183",,,
184,Sinfonia,instrumental,sinfonias,1772-06-15,B-flat major,,,finale for MH 82,
185,Notturno,instrumental,nocturnes,1772-12-21,F major,,,,
186,Endimione,serenata,serenatas,c. 1773,G major,,,,
187,Notturno,instrumental,nocturnes,1773-02-17,C major,"String Quintet in C major, MH 187",,,
188,Sinfonia,instrumental,sinfonias,1773-08-23,C major,,,,
189,Notturno,instrumental,nocturnes,1773-12-01,G major,,,,
190,Egregie Doctor Paule,gradual,graduals,c. 1774,B-flat major,,H-Bn Ms.mus II.28 (530001687),,
191,Regina coeli,antiphon,antiphons,c. 1774,B-flat major,,"A-Ssp, A-Gmi",,
192,"Seele, Dein Heiland ist frei",sacred song,sacred songs,c. 1774,B-flat major,"Seele, dein Heiland ist frei von den Banden, MH 192",,,
193,12 Menuetti,instrumental,minuets,c. 1774,C major,,,,
194,Sehet den Reichtum,offertorium,hymns,1774,F major,,"A-Ssp Hay 1695.2, A-KR K 46/26 (600176358), A-LA 1476 (603002719)",,
195,Mutter der Gnaden,offertorium,offertories,1774,F major,,A-Ssp Hay 1685.1,"Derived from “O Amaryllis” (act 2, no. 7) in MH 84",
196,Ein träger Berg,sacred song,sacred songs,1774,D major,,A-Ssp Hay 2005.1,,
197,12 Menuetti,instrumental,minuets,c. 1774,C major,,,,
198,Sinfonia,instrumental,sinfonias,1774-04-17,D major,,,,
199,Divertimento,instrumental,divertimentos,1774-09-18,B-flat major,"Divertimento in B-flat major, MH 199",,,
200,Memento Domine David,offertorium,psalms,1774-12-18,G major,"Vesperae pro festo sanctissimae Innocentium, MH 200/294/304/307",,"MH 200, 294, 304, and 307 have been collected as vesper",
201,Antiphonae ad Stationes pro tribus diebus Rogationum,antiphon,antiphons,c. 1773–1775,B-flat major,"Crucem sanctam, MH 201",,,
202,Oratorio de Passione Dominum nostrum Jesu Christe,oratorium,sacred oratorios,c. 1773–1775,E-flat major,,,,
203,Leget alle Trauer nieder,offertorium,duets,c. 1773–1775,G major,,A-Ssp Hay 1680.1,,
204,Der Schulmeister,singspiel,singspiele,c. 1773–1775,F major,,,,
205,Der Baßgeiger zu Wörgl,singspiel,singspiele,c. 1773–1775,C major,,,,
206,Guten Morgen,canone,canons,c. 1773–1775,F major,,,,
207,Concerto,instrumental,concertos,c. 1773–1775,A major,,,,
208,Cassatio,instrumental,cassations,c. 1773–1775,E-flat major,,,,
209,Divertimento,instrumental,divertimentos,c. 1773–1775,B-flat major,,,,
210,6 Menuetti,instrumental,minuets,c. 1773–1775,A major,,,,
211,Marcia,instrumental,marches,c. 1773–1775,D major,,,,
212,Litaniae de Beata Virgine Maria,litany,litanies,c. 1775,C major,,,,
213,Responsoria,responsorium,responsories,c. 1775,C major,,,,
214,Vesperae de Confessore,vesper,vespers,c. 1775,C major,"Vesperae de Confessore, MH 214","A-RB IV.95, D-Po M. Haydn 108 (456002640)",,
215,Lauda Sion,sequence,sequences,1775,G major,"Lauda Sion, MH 215",,,
216,Gibt acht ihr Hirten,offertorium,arias,1775,G major,,A-Ssp Hay 1670.1,,
217,Lauft ihr Hirten allzugleich,offertorium,offertories,1775,B-flat major,,"A-Ssp Hay 1675.1, A-Wn Mus.Hs.21624",,
218,Die Hochzeit auf der Alm (Supplemental music),operetta,operettas,1776,G minor,,,supplements MH 107,
219,Gerechter Herr und Gott,sacred song,arias,c. 1776,F major,,A-Ssp Hay 1655.1,,
220,Marcia,instrumental,marches,c. 1776,D major,,,,
221,Alma Dei creatoris,offertorium,offertories,1776,E-flat major,,A-RB R 195 (600033573),,
222,Deus refugium,offertorium,offertories,1776,F major,,"A-KR D 17/112 (600176558), D-Mbs Mus.ms. 840 (456009522), A-LA 1390 (603002671)",,
223,Dignare me,offertorium,offertories,1776,G major,,A-Ssp Hay 1510.1,,
224,Inveni David,offertorium,offertories,1776,G major,,,,
225,Justorum animae,offertorium,offertories,1776,A major,,"A-LA 1765 (1001011691), A-LA 1376 (603002657), A-KR D 16/107 (600176342), D-Mbs Mus.ms. 282-8 (456009335)",,
226,Quae est ista,offertorium,offertories,1776,G major,,"HR-Zha LXVI.N (500027078), A-Sd A 540 (659000615)",,
227,Ave Regina,antiphon,antiphons,before 1776-12-01,C major,,H-Bn Ms.mus IV.1589,,
228,Litaniae de venerabili sacramento,litany,litanies,1776-03-26,G minor,"Litaniae de Venerabili Sacramento, MH 228",,,
229,Missa Sancti Amandi,mass,masses,1776-03-26,C major,"Missa Sancti Amandi, MH 229",,,
230,In Te mi Deus confido,motet,motets,1776-09-24,C major,,"H-Bn Ms.mus. II.47, A-Ee",,
231,Salve Regina,antiphon,antiphons,c. 1777,B-flat major,,A-HE IV.e.4,,
232,Allegremente tutti,canone,canons,c. 1777,C major,,,,
233,Amar vorrei,canone,canons,c. 1777,C major,,,,
234,Canoni voi volite,canone,canons,c. 1777,G major,,,,
235,Che viver vuol contento,canone,canons,c. 1777,G major,,,,
236,Comincio solo,canone,canons,c. 1777,C major,,,,
237,Dall’amoroso,canone,canons,c. 1777,G minor,,,,
238,Frau’ Matinoi,canone,canons,c. 1777,C major,,,,
239,Gia che viene,canone,canons,c. 1777,C major,,,,
240,La mia signora,canone,canons,c. 1777,C major,,,,
241,"Mio ben, io moro",canone,canons,c. 1777,B minor,,,,
242,Perche vezzosi rai,canone,canons,c. 1777,A major,,,,
243,"Per ti, mio ben",canone,canons,c. 1777,A minor,,,,
244,Questi son canoni,canone,canons,c. 1777,B-flat major,,,,
245,"Senza di te, ben mio",canone,canons,c. 1777,F major,,,,
246,Se tu mi vuoi,canone,canons,c. 1777,C major,,,,
247,Tre dolci e cari nomi,canone,canons,c. 1777,F major,,,,
248,Posuisti Domine,offertorium,offertories,1777,F major,,,,
249,Tantum ergo,hymn,hymns,1777,C major,,A-Sd A 566 (659000648),,
250,12 Menuetti,instrumental,minuets,1777,C major,,,,
251,Partita,instrumental,partitas,1777-03-02,A minor,,,,
252,Sinfonia,instrumental,sinfonias,after 1777-03-02,C major,,,,
253,Laeta quies,sequence,sequences,1777-03-11,F major,,,,
254,Missa Sancti Hieronymi,mass,masses,1777-09-14,C major,"Missa Sancti Hieronymi, MH 254",,,
255,Zaire,instrumental,incidental music,1777-09-29,D major,,,,
256,Timete Dominum,offertorium,offertories,1777-10-29,G major,,"A-LA 1375 (603002656), A-Ee",“Alleluia” reused in MH 385,
257,Missa Sancti Aloysii,mass,masses,1777-12-21,B-flat major,,,,
258,Litaniae de Beata Virgine Maria,litany,litanies,c. 1775–1778,E major,,,,
259,Quicunque manducaverit,offertorium,offertories,c. 1775–1778,G minor,,,,
260,Laudate Dominum,offertorium,offertories,c. 1775–1778,C major,,A-Wn Mus.Hs.22452,,
261,Caelitum Joseph,offertorium,offertories,c. 1775–1778,F major,,"A-LA 1389 (603002670), A-RB R 228 (600033606)",,
262,Cantata pro Festo Nativitatis,cantata,sacred cantatas,c. 1775–1778,D major,,,incomplete,
263,Regina coeli,antiphon,antiphons,c. 1775–1778,C major,,,,
264,Regina coeli,antiphon,antiphons,c. 1775–1778,B-flat major,,A-RB R 207 (600033585),,
265,Tantum ergo,hymn,hymns,c. 1775–1778,C major,,A-Wn Mus.Hs.22458,,
266,"Erhebe, o Sünder",offertorium,offertories,c. 1775–1778,F major,,A-Ssp Hay 1635.1,,
267,Auf! Ihr Christen,sacred song,arias,c. 1775–1778,F major,,"F-Pn D-5983/1 (840016784), A-Ssp Hay 1690.1",,
268,Concerto,instrumental,concertos,c. 1776–1778,F major,"Harpsichord Concerto in F major, MH 268",,,
269,Canta Jerusalem,offertorium,offertories,1778,A major,,,,
270,Alma redemptoris mater,antiphon,antiphons,1778,E-flat major,,,,
271,Der Tod Abels (Supplemental music),singspiel,singspiele,1778,E-flat major,,,supplements Johann Heinrich Rolle’s “Der Tod Abels”,
272,Sinfonia,instrumental,sinfonias,1778,D major,,,,
273,Divertimento,instrumental,divertimentos,1778,G major,,,,
274,12 Menuetti,instrumental,minuets,1778,C major,,,,
275,Sub vestrum praesidium,offertorium,offertories,1778-03-15,F major,,,,
276,Responsoria ad Matutinum in Coena Domini,responsorium,responsories,1778-04-04,B-flat major,"Responsoria in Coena Domini, MH 276",,,
277,Responsoria in Parasceve,responsorium,responsories,1778-04-04,F major,,,,
278,Responsoria in Sabbato Sancto,responsorium,responsories,1778-04-04,C major,,,,
279,Applicatio,cantata,sacred cantatas,1778-06-07,D major,Applicatio,,,
280,De profundis,sequence,sequences,1778-08-26,F major,,H-Bn Ms.mus II.39 (530001711),,
281,Diffusa est gratia,offertorium,offertories,1778-11-16,C major,,,,
282,Litaniae de Beata Virgine Maria,litany,litanies,c. 1779,F major,,,,
283,Salve Regina,antiphon,antiphons,1779,B-flat major,,,,
284,Sinfonia,instrumental,sinfonias,1779-08-22,F major,,,,
285,Der englische Patriot,singspiel,singspiele,c. 1778–1780,B-flat major,,,movement reworked into MH 286,
286,Justorum animae,offertorium,offertories,c. 1778–1780,B-flat major,,A-LA 1537,uses material from MH 285,
287,Sinfonia,instrumental,sinfonias,c. 1778–1780,D major,"Symphony No.23 in D major, MH 287",,,
288,6 Marciae,instrumental,marches,c. 1778–1780,C major,,,,
289,Amor subditorium,applausus,sacred cantatas,1780-07-19,C major,,,movements reworked into MH 290–293,
290,Eia corda exsultate,offertorium,offertories,after 1780-07-19,C major,,"A-LA 1383 (603002664), D-Mbs Mus.ms. 464 (456009483)",uses material from MH 289,
291,O caeli luminaria,offertorium,offertories,after 1780-07-19,F major,,"A-KR D 19/198 (600176345), D-Mbs Mus.ms. 461 (456009480), A-LA 1386 (603002667)",uses material from MH 289,
292,Qui nunc laeti,offertorium,offertories,after 1780-07-19,D major,,D-Mbs Mus.ms. 466  (456009485),uses material from MH 289,
293,Unitis cordibus,offertorium,offertories,after 1780-07-19,C major,,"A-LA 1384 (603002665), D-Mbs Mus.ms. Mm 674 (456013352)",uses material from MH 289,
294,Vesperae,vesper,vespers,1780-12-22,F major,"Vesperae pro festo sanctissimae Innocentium, MH 200/294/304/307",,"MH 200, 294, 304, and 307 have been collected as vesper",
295,Beschluss-Arie,profane song,arias,c. 1781,C major,,,,
296,Lied der Recruten,profane song,songs,c. 1781,D major,,,,
297,Liedchen für den Feldwebel,profane song,songs,c. 1781,B-flat major,,,,
298,Morgenlied der Bauern,profane song,songs,c. 1781,D major,,,,
299,Divertimento,instrumental,divertimentos,c. 1781,A major,,,,
300,Hier mahlt sie sich im Hain,profane song,arias,1781-04-17,E major,,,also adapted as offertorium MH 301,
301,Dich grüßen wir,offertorium,offertories,after 1781-04-17,E major,,A-Ssp Hay 1630.1,derived from MH 300,
302,Sinfonia,instrumental,sinfonias,1781-07-19,A major,,,,
303,"Lerne, schwache Menschheit",sacred song,arias,c. 1781-11-14,E-flat major,,A-LA 1739 (1001011542),,
304,"Confitebor, Beatus vir, De profundis",psalm,psalms,1781-11-20,A major,"Vesperae pro festo sanctissimae Innocentium, MH 200/294/304/307",,"MH 200, 294, 304, and 307 have been collected as vesper",
305,Tenebrae,responsorium,responsories,1781-11-24,B-flat major,,"A-Sca Hs. 569/7, D-Mbs Mus.ms. 4137 (455022554)",,
306,Stella caeli,sacred song,sacred songs,1781-11-27,F major,,"A-Sca Hs. 569/8, D-Mbs Mus.ms. 4137 (455022554)",,
307,Salvete flores,hymn,hymns,1781-11-29,D major,"Vesperae pro festo sanctissimae Innocentium, MH 200/294/304/307",,"MH 200, 294, 304, and 307 have been collected as vesper",
308,Quartetto,instrumental,quartets,c. 1780–1782,B-flat major,,,,
309,Quartetto,instrumental,quartets,c. 1780–1782,E-flat major,,,,
310,Quartetto,instrumental,quartets,c. 1780–1782,A major,"String Quartet in A major, MH 310",,,
311,Quartetto,instrumental,quartets,c. 1780–1782,G minor,,,,
312,Quartetto,instrumental,quartets,c. 1780–1782,F major,,,,
313,Quartetto,instrumental,quartets,c. 1780–1782,C major,,,,
314,Quartetto,instrumental,quartets,c. 1780–1782,D major,,,,
315,Quartetto,instrumental,quartets,c. 1780–1782,G major,,,,
316,Divertimento,instrumental,divertimentos,c. 1780–1782,B-flat major,"String Quartet in B-flat major, MH 316",,,
317,Gewöhnliche Signaturen des Generalbaßes,treatise,methods,c. 1782,-,,,,
318,Anweisung,treatise,methods,c. 1782,-,,,,
319,Divertimento,instrumental,divertimentos,1781-05-27,D major,"Divertimento in D major, MH 319",,,
320,Marcia,instrumental,marches,1782-05-31,D major,,,,
321,Vesperae de Dominica,vesper,vespers,1782-07-22,C major,"Vesperae de Dominica, MH 321",,,
322,Missa in honorem Sancti Ruperti,mass,masses,1782-08-11,C major,,,,
323,Applicatio,cantata,sacred cantatas,1782-08-24,G major,,,movements reworked into MH 324 and 325,
324,In adoratione nostra,offertorium,offertories,after 1782-08-24,G major,,,derived from MH 323,
325,Cantate Domino,offertorium,offertories,after 1782-08-24,E-flat major,,,derived from MH 323,
326,Veni creator spiritus,hymn,hymns,1782-08-26,C major,,,,
327,Surgite Sancti,antiphon,antiphons,1782-08-27,F major,,,,
328,Sancti Dei omnes,antiphon,antiphons,1782-08-27,F major,,,,
329,Jesu redemptor omnium,hymn,hymns,1782-08-27,C major,,,,
330,Litaniae della Madonna,litany,litanies,1782-12-24,D major,,,,
331,Ex ore infantium,sacred song,introits,1782-12-26,A minor,,A-RB IV.70,,
332,Alme Deus,offertorium,offertories,1783,C major,,A-LA 1378 (603002659),,
333,6 Menuetti,instrumental,minuets,1783-02-07,C major,,,,
334,Sinfonia,instrumental,sinfonias,1783-05-23,G major,"Symphony No.25 in G major, MH 334",,,
335,Sonata,instrumental,sonatas,1783,F major,"Sonata for Violin and Viola in C major, MH 335",,,
336,Sonata,instrumental,sonatas,1783,D major,"Sonata for Violin and Viola in D major, MH 336",,,
337,Sonata,instrumental,sonatas,1783,E major,,,,
338,Sonata,instrumental,sonatas,1783,F major,,,,
339,Marcia,instrumental,marches,1783-08-03,D major,,,,
340,Sinfonia,instrumental,sinfonias,1783-08-14,E-flat major,,,,
341,Viderunt omnes,gradual,graduals,1783-12-06,F major,"Viderunt omnes, MH 341",,,
342,Alleluia. Laudate pueri,gradual,graduals,1783-12-12,F major,,,,
343,Sederunt principes,gradual,graduals,1783-12-17,G major,,,,
344,Hic est discipulus,gradual,graduals,1783-12-21,B-flat major,,,,
345,Ecce sacerdos,gradual,graduals,1783-12-24,E minor,"Ecce sacerdos, MH 345",,,
346,Sub tuum praesidium,offertorium,offertories,c. 1782–1784,C major,,D-Mbs Mus.ms. 5148 (450109655),,
347,Salve Regina,antiphon,antiphons,c. 1782–1784,F major,,A-Wn Mus.Hs.18558,,
348,Benedictus es Domine,gradual,graduals,c. 1782–1784,G major,,A-KR C 55/117 (600176194),,
349,"Freundschaft, du Zucker",profane song,duets,1784,F major,,,lost,
350,Omnes de Saba,gradual,graduals,1784-01-02,G major,,,,
351,Salvos fac nos,gradual,graduals,1784-01-08,G minor,"Salvos fac nos, MH 351",,,
352,Gloriosus Deus,gradual,graduals,1784-01-12,C major,,,,
353,Tu es vas electionis,gradual,graduals,1784-01-16,A major,,,,
354,6 Menuetti,instrumental,minuets,1784-01-23,A major,,,,
355,Nunc dimittis,gradual,graduals,1784-01-29,D major,,,,
356,Ab ortu solis,gradual,graduals,1784-02-05,B-flat major,,,,
357,Audi filia,gradual,graduals,1784-02-27,D minor,,,,
358,Sinfonia,instrumental,sinfonias,1784-03-12,B-flat major,,,,
359,Domine praevenisti eum,gradual,graduals,1784-03-16,C major,,,,
360,Dolorosa et lacrymabilis es,gradual,graduals,1784-03-24,C minor,,,,
361,Victimae Paschali laudes,gradual,graduals,1784-04-05,F major,,,,
362,Alleluia. In die resurrectionis,gradual,graduals,1784-04-08,B-flat major,"Alleluia in B-flat major, MH 362",,,
363,Alelluia. Confitebuntur caeli,gradual,graduals,1784-04-16,D major,,,,
364,Dicite in gentibus,gradual,graduals,1784-04-22,A minor,,,,
365,Alleluia. Ascendit Deus,gradual,graduals,1784-05-09,A major,,,,
366,Veni Sancte Spiritus,sequence,sequences,1784-05-13,E-flat major,,,,
367,Quintetto,instrumental,quintets,1784-05-27,F major,,,,
368,"Erhebet euch, Christen",sacred song,sacred songs,1784-05-29,C major,,,,
369,Benedictus es Domine,gradual,graduals,1784-06-03,B-flat major,,,,
370,Exsultabunt Sancti,gradual,graduals,1784-06-06,E minor,,,,
371,Weint auch ihr,sacred song,odes,1784-06-17,E-flat major,,F-Pn W-6 48 (840016200),,
372,Priusquam te formarem,gradual,graduals,1784-06-21,C major,,,,
373,Constitues eos principes,gradual,graduals,1784-06-24,A major,,,,
374,Benedicta et venerabilis es,gradual,graduals,1784-06-28,E-flat major,,,,
375,Adiuvabit eam Deus,gradual,graduals,1784-07-07,B-flat major,,,,
376,Dilexisti iustitiam,gradual,graduals,1784-07-11,D major,,,,
377,Speciosus forma,gradual,graduals,1784-07-24,C major,,,,
378,Probasti Domine,gradual,graduals,1784-07-30,D minor,,,,
379,Felix es sacra,gradual,graduals,1784-08-11,F major,,,,
380,Nimis honorati sunt,gradual,graduals,1784-08-17,E minor,,,,
381,Benedicite Dominum,gradual,graduals,1784-08-24,E-flat major,,,,
382,Iuravit Dominus,gradual,graduals,1784-09-04,E-flat major,,,,
383,Locus iste,gradual,graduals,1784-09-09,F major,,,,
384,Sinfonia,instrumental,sinfonias,1784-09-28,C major,,,,
385,Timete Dominum,gradual,graduals,1784-10-27,G major,,,reuses “Alleluia” of MH 256,
386,Dilectus meus,gradual,graduals,1784-11-12,A major,,,,
387,Tollite portas,gradual,graduals,1784-11-19,C major,,,,
388,Ave Maria,gradual,graduals,1784-11-26,A minor,,,,
389,Iustus ut palma,gradual,graduals,1784-11-29,G minor,,,,
390,Tecum principium,gradual,graduals,1784-12-05,G major,,,,
391,Benedictus qui venit,gradual,graduals,1784-12-07,B-flat major,"Benedictus qui venit, MH 391",,,
392,Effuderunt sanguinem,gradual,graduals,1784-12-11,D major,,,,
393,Sinfonia,instrumental,sinfonias,1784-12-30,D minor,"Symphony No.30 in D minor, MH 393",,,
394,Stella caeli,sacred song,sacred songs,c. 1783–1785,F major,"Stella cœli, MH 394",,,
395,Pange lingua,sacred song,sacred songs,c. 1783–1785,C major,,,,
396,Tantum ergo,hymn,hymns,c. 1783–1785,C major,,A-Wn Mus.Hs.23104,,
397,Tu es Petrus,gradual,graduals,1785-02-12,A minor,,,,
398,Beatus vir,gradual,graduals,1785-02-19,C minor,,,,
399,Sinfonia,instrumental,sinfonias,1785-03-10,D major,,,,
400,Laeta quies,sequence,sequences,1785-03-30,B-flat major,,,,
401,Oculi omnium,gradual,,,,,,,
402,Alleluia. Confitemini Domini,gradual,,,,,,,
403,"Domine, quis habitabit",gradual,,,,,,,
404,Tantum ergo,hymn,,,,,,,
405,Sinfonia,instrumental,,,,,,,
406,Divertimento,instrumental,,,,"Divertimento in G major, MH 406",,,
407,Serenata,instrumental,,,,,,,
408,Ecce Virgo concipiet,gradual,,,,,,,
409,Ne timeas Maria,gradual,,,,,,,
410,"Beatus vir, qui suffert",gradual,,,,,,,
411,Divertimento,instrumental,,,,"String Quintet in F major, MH 411",,,
412,Divertimento,instrumental,,,,"String Quintet in B-flat major, MH 412",,,
413,6 Menuetti,instrumental,,,,,,,
414,6 Menuetti,instrumental,,,,,,,
415,Te Deum,hymn,,,,,,,
416,Menuetti Tedeschi I,instrumental,,,,,,,
417,Menuetti Tedeschi II,instrumental,,,,,,,
418,Divertimento,instrumental,,,,,,,
419,Missa in honorem Sancti Dominici,mass,,,,,,,
420,Sinfonia,instrumental,,,,"Symphony No.32 in D major, MH 420",,,
421,Marcia,instrumental,,,,,,,
422,Missa a due Cori (Hispanica),mass,,,,,,,
423,6 Menuetti,instrumental,,,,,,,
424,Menuetti Tedeschi III,instrumental,,,,,,,
425,Sinfonia,instrumental,,,,,,,
426,Miraculorum patrator,sequence,,,,,,,
427,Heiligste Nacht,sacred song,,,,,"D-Mbs Mus.ms. 4316 (455023995), A-Sca Hs 562",,
428,Wie trostreich ist uns,sacred song,,,,,"D-Mbs Mus.ms. 4316 (455023995), A-Sca Hs 562",,
429,Heiligste Nacht,sacred song,,,,,,,
430,Wie trostreich ist uns,sacred song,,,,,,,
431,Libera me,sacred song,,,,,A-Ssp Hay 1580.1,,
432,Marcia,instrumental,,,,,,,
433,Beispiele zur Übung im bezifferten Grundbaß,treatise,,,,,,,
434,Contrapunctal studies,treatise,,,,,,,
435,"Prelude, versets and cadenzas",instrumental,,,,,,,
436,Preludes and finale,instrumental,,,,,,,
437,Emicat meridies,sequence,,,,,,,
438,Andromeda e Perseo,opera,,,,,,,
439,Marcia,instrumental,,,,,,,
440,Marcia,instrumental,,,,,,,
441,Marcia,instrumental,,,,,,,
442,Universi qui te exspectant,gradual,,,,"Universi, qui te exspectant, MH 442",,,
443,Ex Sion species,gradual,,,,,,,
444,"Qui sedes, Domine",gradual,,,,"Qui sedes, Domine, MH 444",,,
445,Prope est Dominus,gradual,,,,"Prope est Dominus, MH 445",,,
446,Adiutor in opportunitatibus,gradual,,,,,,,
447,Sciant gentes,gradual,,,,,,,
448,Tu es Deus,gradual,,,,,,,
449,Jubelfeier,cantata,,,,,"H-Bn Ms.mus II.109 (530001738), D-Mbs Mus.ms. 4234 (455022811)",part used as MH 450,
450,Feuer zu werden,sacred song,,,,,A-Ssp Hay 1650.1,from MH 449,
451,Angelis suis,gradual,,,,,,,
452,Anima nostra,offertorium,,,,,,,
453,Tribulationes cordis mei,gradual,,,,,,,
454,Deus in adiutorium,introitus,,,,,,,
455,Schäffer-Kantate,cantata,,,,,,,
456,De funestra necis domo,gradual,,,,,D-Mbs Mus.ms. 14588 (450057134),,
457,Ave Regina,antiphon,,,,,A-RB R 212 (600192492),,
458,Libera me,sacred song,,,,,A-RB IV.123,,
459,Libera me,sacred song,,,,,A-Sd A 568 (659000650),,
460,Tantum ergo,hymn,,,,,,,
461,Heiligste Nacht,sacred song,,,,"Heiligste Nacht, MH 461",D-B Mus.ms. 10250 (452009970),,
462,Auch die Sprödeste der Schönen,profane song,,,,,,,
463,Divertimento,instrumental,,,,,,,
464,Divertimento,instrumental,,,,,,,
465,Deutscher Tanz,instrumental,,,,,,,
466,(untitled),instrumental,,,,,,,
467,(untitled),instrumental,,,,,,,
468,(untitled),instrumental,,,,,,,
469,(untitled),instrumental,,,,,,,
470,(untitled),instrumental,,,,,,,
471,(untitled),instrumental,,,,,,,
472,(untitled),instrumental,,,,,,,
473,Sinfonia,instrumental,,,,,,,
474,Sinfonia,instrumental,,,,,,,
475,Sinfonia,instrumental,,,,,,,
476,Sinfonia,instrumental,,,,"Symphony No.37 in D major, MH 476",,,
477,Sinfonia,instrumental,,,,,,,
478,Sinfonia,instrumental,,,,,,,
479,Exsurge Domine,gradual,,,,,,,
480,Laetatus sum,gradual,,,,,,,
481,Eripe me,gradual,,,,,,,
482,Alleluia. Cognoverunt discipuli,gradual,,,,,,,
483,Alleluia. Redemptionem misit,gradual,,,,,,,
484,Alleluia. Dextera Domini,gradual,,,,,,,
485,Alleluia. Surrexit Christus,gradual,,,,,,,
486,Alleluia. Regnavit Dominus,gradual,,,,,,,
487,Ad Domunum dum tribularer,gradual,,,,,,,
488,Iacta cogitatum tuum,gradual,,,,,,,
489,Propitius esto Domine,gradual,,,,,,,
490,Convertere Domine,gradual,,,,,,,
491,Domine Dominus noster,gradual,,,,,,,
492,Benedicam Dominum,gradual,,,,,,,
493,Die Ährenleserin,singspiel,,,,,,,
494,De profundis,gradual,,,,,,,
495,Benedictus Dominus Deus Israel,gradual,,,,,,,
496,Misit Dominus verbum suum,gradual,,,,,,,
497,Timebunt gentes,gradual,,,,,,,
498,Dominus regnavit,gradual,,,,,,,
499,6 Menuetti,instrumental,,,,,,,
500,Menuetti Tedeschi,instrumental,,,,,,,
501,Protector noster,gradual,,,,,,,
502,Venite filii,gradual,,,,,,,
503,Esto mihi in Deum,gradual,,,,,,,
504,Custodi me Domine,gradual,,,,,,,
505,In Deo speravit cor meum,gradual,,,,,,,
506,Respice Domine,gradual,,,,,,,
507,Sinfonia,instrumental,,,,,,,
508,Sinfonia,instrumental,,,,,,,
509,Bonum est confidere,gradual,,,,,,,
510,Bonum est confiteri Domino,gradual,,,,,,,
511,Beata gens,gradual,,,,,,,
512,Der deutsche Kaiser Joseph lebe gesund,profane song,,,,,,,
513,Caro mea vere,gradual,,,,,,,
514,"Ihr Christen, bettet",sacred song,,,,,A-Sd A 509 (659000705),,
515,Marcia,instrumental,,,,,,,
516,Quintetto,instrumental,,,,,,,
517,Deutsches Dixit et Magnificat,vesper,,,,,"H-Bn Ms. Mus. IV.204, A-Ssp Hay 1430.1",,
518,Divertimento,instrumental,,,,"Divertimento in G major, MH 518",,,
519,Laetatus sum,gradual,,,,,,,
520,Dirigatur oratio mea,gradual,,,,,,,
521,Domine refugium,gradual,,,,,,,
522,Ecce quam bonum,gradual,,,,,,,
523,Liberasti nos,gradual,,,,,,,
524,Paratum cor meum,gradual,,,,,,,
525,In omnem terram,gradual,,,,,,,
526,Gloria et honore,gradual,,,,,,,
527,Der fröhliche Wiederschein,applausus,,,,,,,
528,Post partum Virgo,gradual,,,,,,,
529,Inglese,instrumental,,,,,,,
530,Missa in honorem Sancti Gotthardi (Admontis),mass,,,,"Missa in honorem Sancti Gotthardi, MH 530",,,
531,"Ad te, Domine",offertorium,,,,,"A-RB IV.123, A-KR D 14/54 (600176331), A-LA 1387 (603002668)",,
532,Litaniae de venerabili sacramento,litany,,,,"Litaniae de Venerabili Sacramento, MH 532",,edited,
533,Antiphonarium romanum,antiphon,,,,,,parts used as MH 534 and 535,
534,Salve Regina,antiphon,,,,"Salve Regina in D major, MH 534",,from MH 533,
535,Tantum ergo,hymn,,,,,D-Mt MK 1027/1032,from MH 533,
536,Deutsches Hochamt,mass,,,,,,,
537,Gott! Vor Dir,profane song,,,,,,,
538,Mit frommen Eifer,profane song,,,,,,,
539,Mit frommen Eifer,profane song,,,,,,,
540,Was ists dass ich mich quäle?,profane song,,,,,,,
541,Was ists dass ich mich quäle?,profane song,,,,,,,
542,Ewiges Wesen,offertorium,,,,,A-Ssp Hay 1970.5,,
543,Am Kirchenweihfest,sacred song,,,,,A-Sm Autogr Var 15 (1001026803),,
544,(untitled),instrumental,,,,,A-Sm Autogr Var 15 (1001026803),,
545,(untitled),sacred song,,,,,A-Sm Autogr Var 15 (1001026803),,
546,Missa in honorem Sanctae Ursulae (Chiemsensis),mass,,,,"Missa in C major, MH 546",,,
547,Exaltabo te,offertorium,,,,,"A-KR D 14/56 (600176338), A-LA 1382 (603002663), D-Mbs Mus.ms. 842 (456009524)",,
548,Vesperae pro festo Sanctissimae Innocentium,vesper,,,,"Vesperae pro festo sanctissimae Innocentium, MH 548",,,
549,Die Feierabendstunde,profane song,,,,,,,
550,12 Menuetti,instrumental,,,,,,,
551,Missa pro quadragesima,mass,,,,,,,
552,Missa quadragesimalis,mass,,,,,,,
553,Missa tempore quadragesimae,mass,,,,"Missa tempore Quadragesima, MH 553",,,
554,Vos estis,gradual,,,,,,,
555,Mutter des Lebems,sacred song,,,,,"D-WS 555 (450039996), H-Bn Ms. Mus. 2499",,
556,Laudibus mons,gradual,,,,,"D-Mbs Mus.ms. 4155 (455022659), A-LA 1344 (603002620)",,
557,Perfice gressus meos,offertorium,,,,,"A-RB R 229 (600033607), A-KR D 23/301 (600176346)",,
558,Commercelied,profane song,,,,,,,
559,Missa pro defunctis,requiem,,,,,,,
560,Deutsche Messe,mass,,,,"Deutsches Hochamt für Stadt- und Landkirchen, MH 560",,,
561,Deutsche Messe,mass,,,,,,,
562,Deutsche Messe,mass,,,,,,,
563,Die alten und heutigen Sitten,profane song,,,,,,,
564,Die alten und heutigen Sitten,profane song,,,,,,,
565,Singt heilig!,sacred song,,,,,D-WS 402,,
566,An Ignatia,profane song,,,,,,,
567,"Wenn ich, o Schöpfer",sacred song,,,,,,,
568,Canonic studies,instrumental,,,,,,,
569,National-Marsch,instrumental,,,,,,,
570,6 Tedeschi,instrumental,,,,,,,
571,(untitled),instrumental,,,,,,,
572,Asperges me,sacred song,,,,,,,
573,Asperges me,sacred song,,,,,,,
574,Vier deutsche Choralvespern,vesper,,,,,,,
575,Aus Davids Psalmen,psalm,,,,,,,
576,"Zu dir ruft, Herr",sacred song,,,,,,,
577,Es packe dich,canone,,,,"Es packe dich das Glück beim Kragen, MH 577",,,
578,Glückwunsch,profane song,,,,,,,
579,Das Liedchen von der Ruh,profane song,,,,,,,
580,Die Unschuld,profane song,,,,,,,
581,Einladung in unsern Garten zu Arnsdorf,profane song,,,,,,,
582,Glück fehl Dir,profane song,,,,"Glück fehl dir vor allem, MH 582",,,
583,Frater Caspar Decini!,profane song,,,,,,,
584,"Wohlsein, Freunde",profane song,,,,"Wohlsein und Freude, MH 584",,,
585,Tischlied,profane song,,,,,,,
586,Der frühe Bund,profane song,,,,,,,
587,Das Liedchen von der Ruh,profane song,,,,,,,
588,Hymne an Gott,profane song,,,,,,,
589,Mailied,profane song,,,,,,,
590,Trinklied im Winter,profane song,,,,,,,
591,Verwandlungen,profane song,,,,,,,
592,Bußgesang in der Fastenszeit,sacred song,,,,,,,
593,Ständchen,profane song,,,,,,,
594,Ständchen,profane song,,,,,,,
595,Iam sol recedit igneus,hymn,,,,,,,
596,Gloria (for J Haydns Organ solo mass),mass,,,,,,,
597,Einweihung,profane song,,,,,,,
598,Auf den Tod des Herrn Schachtners,profane song,,,,,,,
599,An Ignatia,profane song,,,,,,,
600,Quartetto,instrumental,,,,"Quartet for English horn, Violin, Cello and Bass, MH 600",,,
601,Marcia turchesa,instrumental,,,,"Marcia turchesca, MH 601",,,
602,Deutsches Hochamt,mass,,,,"Deutsches Hochamt, MH 602",,,
603,(untitled),mass,,,,,,,
604,An unsern Garten,profane song,,,,,,,
605,An unsern Garten,profane song,,,,,,,
606,Einweihung,profane song,,,,,,,
607,Hochzeitslied,sacred song,,,,,D-Mbs Mus.ms. 3749 (455016856),,
608,Lied der Freiheit,profane song,,,,,,,
609,Lied der Freiheit,profane song,,,,,,,
610,Deutsches Tenebrae,responsorium,,,,,,lost,
611,Deutsches Hochamt,mass,,,,,,,
612,Die Gans bebrüht das Gänschen,profane song,,,,,,,
613,An Decini,profane song,,,,,,,
614,Meiner Freunde Gesinnungen,profane song,,,,,,,
615,Freundschaftslied,profane song,,,,,,,
616,Freundschaftslied,profane song,,,,,,,
617,Es lebe Taddeo,profane song,,,,,,,
618,Herzige Nani!,profane song,,,,,,,
619,Vom Glück sei alles,profane song,,,,"Vom Glück sei alles dir beschert, MH 619",,,
620,Frühlingslied,profane song,,,,,,,
621,Frühlingslied,profane song,,,,,,,
622,Trinklied,profane song,,,,,,,
623,Trinklied,profane song,,,,,,,
624,Ehrenlied,profane song,,,,,,,
625,Die Ölberg Andacht,cantata,,,,,,,
626,Tischlied,profane song,,,,,,,
627,Das Gebet,profane song,,,,,,,
628,In coena Domini ad missam,sacred song,,,,,,,
629,Deutsches Hochamt,mass,,,,"Deutsches Hochamt, MH 629",,,
630,Dankesempfindung,profane song,,,,,,,
631,"Sagt, wo sind die Veilchen hin",profane song,,,,,,,
632,"Sagt, wo sind die Veilchen hin",profane song,,,,,,,
633,Schon grünen die Hecker,profane song,,,,,,,
634,Salve Regina,antiphon,,,,"Salve Regina in A major, MH 634",,,
635,Virgo prudentissima,gradual,,,,,,,
636,Grabet mit fleißigen Händen,sacred song,,,,,H-Bn Ms. Mus. II.45,,
637,Alma redemptoris mater,antiphon,,,,,,,
638,Gaude Virgo,gradual,,,,,,,
639,Responsoria ad Matutinum in Nativitate Domini,responsorium,,,,,H-Bn Ms.mus II.51 (530001801),,
640,Es amator,offertorium,,,,,"A-RB R 187 (600033565), A-LA 1372 (603002653)",,
641,Sintemal und all’ die Weilen,profane song,,,,,,,
642,Deutsches Hochamt,mass,,,,,,,
643,Segen,sacred song,,,,,"A-Wn S.m. 18470, A-RB IV.123",,
644,Friedenslied,profane song,,,,,,,
645,Rundgesang für eine Gesellschaft Studierender,profane song,,,,,,,
646,Schön ist das Laben,profane song,,,,,,,
647,Friedenslied,profane song,,,,,,,
648,Sehnsucht nach Liebe,profane song,,,,,,,
649,Türkisches Kriegslied,profane song,,,,,,,
650,Ave Regina,antiphon,,,,,,,
651,Germinavit radix Jesse,gradual,,,,,,,
652,Menuetto,instrumental,,,,,,,
653,Ecce ancilla Domini,gradual,,,,,,,
654,Sub tuum praesidium,offertorium,,,,Sub tuum praesidium,,,
655,Dominus firmamentum,offertorium,,,,,"H-Bn Ms. mus. 2501, A-Ssp Hay 1110.1, A-WIL",,
656,Hodie scietis,gradual,,,,,,,
657,Monsieur Hand,profane song,,,,,,,
658,Monsieur Hand,profane song,,,,,,,
659,Lied im Grünen,profane song,,,,,,,
660,Lied im Grünen,profane song,,,,,,,
661,Trinklied,profane song,,,,,,,
662,Trinklied,profane song,,,,,,,
663,Türkisches Kriegslied,profane song,,,,,,,
664,(untitled),instrumental,,,,,,,
665,Die Elfen,profane song,,,,,,,
666,Ermunterungslied,profane song,,,,,,,
667,Freundschaftslied,profane song,,,,,,,
668,Patritius,cantata,,,,,,,
669,Responsoria in festo Resurrectione Domini,responsorium,,,,,H-Bn Ms.mus II.52 (530001732),,
670,Ipsa Virgo virginum,gradual,,,,,,,
671,Deutsches Hochamt,mass,,,,,,,
672,Deutsches Te Deum,hymn,,,,,A-Sd A 598 (659000679),,
673,Deutsches Magnificat,psalm,,,,,A-Ssp Hay 1425.1,,
674,Deutsche Fastenvesper,vesper,,,,,D-Mbs Mus.ms. 4144#Beibd.1 (455022563),,
675,Deutsches Salve Regina,antiphon,,,,,A-Sd A 608 (659000703),,
676,Deutsches Alma,antiphon,,,,,A-Sd A 608 (659000704),,
677,Deutsches Ave maris stella,sacred song,,,,,A-Sd A 599,,
678,Deutscher Segen,sacred song,,,,,A-Sd A 603a (659000684),,
679,Deutscher Segen,sacred song,,,,,A-Sd A 603a (659000684),,
680,Deutscher Segen,sacred song,,,,,A-Sd A 603b (659000688),,
681,Lobgesang de Venerabili Sacramento,sacred song,,,,,"A-Ssp Hay 1625.1, D-Mbs Mus. ms. 4144 (455022562)",,
682,Wer nur den lieben Gott,sacred song,,,,,D-Mbs Mus.ms. 4290 (455023079),,
683,"Wie lieblich ist doch, Herr",sacred song,,,,,A-Ssp Hay 1700.1,,
684,Auf die Auferstehung,sacred song,,,,,A-Sn VI.3,,
685,"Komm, heiliger Geist",sacred song,,,,,A-Sd A 601 (659000682),,
686,Stern auf diesem Lebensmeere,sacred song,,,,,A-Sd A 604 (659000689),,
687,Gekrönte Himmelskönigin!,sacred song,,,,,A-Sd A 604 (659000691),,
688,Improperium expectavit,offertorium,,,,,,,
689,Coppia si tenera,profane song,,,,,,,
690,Coppia si tenera,profane song,,,,,,,
691,Silenzio facciasi,profane song,,,,,,,
692,Die Schweitzer,profane song,,,,,,,
693,12 Menuetti,instrumental,,,,,,,
694,Deutsches Regina Coeli,antiphon,,,,,,,
695,Tenuisti manum,gradual,,,,,,,
696,"Alleluia, confitemini quoniam",gradual,,,,,,,
697,Der Obersulzer Wein,profane song,,,,,,,
698,Die Wiedergenesung,profane song,,,,,,,
698a,Ecce quam bonum,profane song,,,,,,,
699,Adam hat sieben Söhn,profane song,,,,"Adam hat siebn Söhn, MH 699",,,
700,Der arme Sünder,profane song,,,,,,,
701,Dulce loquentem,profane song,,,,,,,
702,Dum loquimur,profane song,,,,,,,
703,Ecce quam bonum,profane song,,,,,,,
704,Ehr sei dem Vater,profane song,,,,,,,
705,Es legte Adam sich im Paradies,profane song,,,,,,,
706,Est! est! est!,profane song,,,,,,,
707,Hätt i glaubt,profane song,,,,,,,
708,Ich und Du,profane song,,,,,,,
709,Die Mäßigkeit,profane song,,,,,,,
710,"Mein Dämä, mein Fingä",profane song,,,,,,,
711,Mi foppen,profane song,,,,,,,
712,"O Mensch, gedenk",profane song,,,,,,,
713,O wie schmecket,profane song,,,,,,,
714,"Plato, Cicero",profane song,,,,"Cato, Plato, Cicero, MH 714",,,
715,Sein sanft wie ihre Seele,profane song,,,,,,,
716,Sei stets bescheiden,profane song,,,,,,,
717,Sie ist’s nicht wert,profane song,,,,,,,
718,"Tauch an, mein lieba Schiffmann",profane song,,,,,,,
719,Tempore mutantur,profane song,,,,,,,
720,"Ut, re, mi, fa",profane song,,,,,,,
721,Vinum latificat cor hominis,profane song,,,,,,,
722,Vorgetan und nachgedacht,profane song,,,,,,,
723,Was i beim Tag,profane song,,,,"Was i beim Tag mit der Leiern gwinn, MH 723",,,
724,Wer nicht liebt Weib,profane song,,,,,,,
725,Wer nicht liebt Wein,profane song,,,,,,,
726,Wer reines Herzens ist,profane song,,,,,,,
727,Chor beim Vögelfangen,profane song,,,,,,,
728,Abendempfindung,profane song,,,,,,,
729,Am Grabe,profane song,,,,,,,
730,An die Sonne,profane song,,,,,,,
731,Der Arme,profane song,,,,,,,
732,Der Arme,profane song,,,,,,,
733,Die Biene,profane song,,,,,,,
734,Der Bund,profane song,,,,,,,
735,Dankt dem Herrn,profane song,,,,,,,
736,Einladung zum Landleben,profane song,,,,,,,
737,Eintracht,profane song,,,,,,,
738,Es kann ja nicht immer so bleiben,profane song,,,,,,,
739,An die Freude,profane song,,,,,,,
740,Freundschaft! Wie heilig,profane song,,,,,,,
741,Gehorsam ist die erste Pflicht,profane song,,,,,,,
742,Gesund und frohen Mutes,profane song,,,,,,,
743,"Grabe, Spaden!",profane song,,,,,,,
744,Herbstlied,profane song,,,,,,,
745,Holde Sittsamkeit,profane song,,,,,,,
746,Ich bin ein Mädchen aus Schwaben,profane song,,,,,,,
747,"Ja, Dämon",profane song,,,,,,,
748,Judendglück,profane song,,,,,,,
749,Das Kammerfenster,profane song,,,,,,,
750,"Komm, lieber Mai",profane song,,,,,,,
751,Könnt ich mein Liebchen kaufen,profane song,,,,,,,
752,Lebensweisheit,profane song,,,,,,,
753,Ein Lied von der Behutsamkeit,profane song,,,,,,,
754,Ein Lied zur Prüfung für Schulkinder,profane song,,,,,,,
755,Ein Lied von der Geduld,profane song,,,,,,,
756,Meine Grille,profane song,,,,,,,
757,Mein Vergnügen,profane song,,,,,,,
758,Der Morgen im Lenz,profane song,,,,,,,
759,Nacht und Still’,profane song,,,,,,,
760,Nichts ist schlauer als die Liebe,profane song,,,,,,,
761,Pein der Liebe,profane song,,,,,,,
762,Die Rose,profane song,,,,,,,
763,"Rose, lass dich küssen",profane song,,,,,,,
764,Scherzend unter Necktar-Küssen,profane song,,,,,,,
765,Seufzer,profane song,,,,,,,
766,Stille! Stille!,profane song,,,,,,,
767,Der Tanzbär,profane song,,,,,,,
768,Tischgebet,profane song,,,,,,,
769,Trinklied,profane song,,,,,,,
770,Der Wechsel,profane song,,,,,,,
771,Variations on Gott erhalte Franz den Kaiser,instrumental,,,,,,,
772,Tantum ergo,hymn,,,,,,,
773,Tantum ergo,hymn,,,,"Tantum ergo, MH 773",,,
774,Der Invalid an seinen Fleischtopf,profane song,,,,,,,
775,An alle Deutsche,profane song,,,,,,,
776,Zu ihr! Zu ihr!,profane song,,,,,,,
777,Ständchen,profane song,,,,,,,
778,Ständchen,profane song,,,,,,,
779,Ständchen,profane song,,,,,,,
780,Bierlied,profane song,,,,,,,
781,Von ihr!,profane song,,,,,,,
782,Das Landleben,profane song,,,,,,,
783,Die Seligkeit der Liebe,profane song,,,,,,,
784,Abendlied,profane song,,,,,,,
785,Der Sänger,profane song,,,,,,,
786,Der Sänger,profane song,,,,,,,
787,Rundgesang beim Abschied eines Biedermannes,profane song,,,,,,,
788,Josephe,profane song,,,,,,,
789,Josephe,profane song,,,,,,,
790,Trinklied im Freien,profane song,,,,,,,
791,Tischgebet aus der Schöpfung,profane song,,,,,,,
792,Laudate populi,offertorium,,,,"Laudate populi, MH 792",,,
793,Debitam morti,offertorium,,,,,,,
794,Nach dem Abzuge der Franzosen,profane song,,,,,,,
795,Nach dem Abzuge der Franzosen,profane song,,,,,,,
796,Messa sotto li Titolo di Santa Teresia,mass,,,,"Mass in D major, MH 796",,,
797,Missa subtitulo Sanctae Theresiae,mass,,,,,,,
798,Petite et accipietis,gradual,,,,,,,
799,Magnus Dominus,offertorium,,,,,"A-KR D 23/302 (600176344), A-LA 1379 (603002660)",,
800,Te Deum,hymn,,,,,,,
801,Die Mutter an ihr Luischen,profane song,,,,,,,
802,Elle avoit une beauté,profane song,,,,,,,
803,Elle avoit une beauté,profane song,,,,,,,
804,Le son de cloche,profane song,,,,,,,
805,Le vin blanc,profane song,,,,,,,
806,Romanze,instrumental,,,,"Romance, MH 806",,,
807,Der couragierte Schneidergesell,profane song,,,,,,,
808,"Sauf, du alter Gassenschlängel!",profane song,,,,,,,
809,Dixit Dominus,psalm,,,,"Vesperae de Dominica, MH 809",,,
810,"Alleluia, confitebuntur",gradual,,,,,,,
811,Bußgesang in der Fastenszeit,sacred song,,,,,,,
812,Auf den Tod eines Hündchens,profane song,,,,,,,
813,Auf den Tod eines Hündchens,profane song,,,,,,,
814,Ecce quam bonum,profane song,,,,,,,
815,Completorium,completorium,,,,,F-Pn D-5588 (840016579),,
816,Freut euch des Lebens,profane song,,,,,,,
817,Der Invalid an sein Holzbein,profane song,,,,,,,
818,Die verlassene Mutter am Strome,profane song,,,,,,,
819,Die verlassene Mutter am Strome,profane song,,,,,,,
820,Die Feierabendstunde,profane song,,,,,,,
821,An Ferdinand,profane song,,,,,,lost,
822,Commercelied,profane song,,,,,,,
823,Marcia,instrumental,,,,"Marcia, MH 823",,,
824,Tenebrae,responsorium,,,,,A-Sd A 591 (659000675),,
825,Gott erhalte Franz den Kaiser,profane song,,,,,,,
826,Missa subtitulo Sancti Francisci Seraphici,mass,,,,,,,
827,Domine Deus salutis,offertorium,,,,,,,
828,Cantate Domino,gradual,,,,,,,
829,Te Deum,hymn,,,,,,,
830,Stella caeli,sacred song,,,,,,,
831,Der Christ auf Golgatha,sacred song,,,,,,,
832,An den Hain zu Aigen,profane song,,,,,,,
833,Sehnsucht nach dem Landleben,profane song,,,,,,,
834,An den Herrn von Moll,profane song,,,,,,,
835,An den Herrn von Moll,profane song,,,,,,,
836,Deutsches Te Deum,hymn,,,,,,,
837,Missa sub titulo Sancti Leopoldi,mass,,,,,,,
838,Missa pro defunctis,requiem,,,,"Requiem in B-flat major, MH 838",,unfinished,
